instance,lower_bound,partial_sequence
instances/MTSP/Catanzaro/C1-1.txt,31,"[16, 7, 22, 21, 24]"
instances/MTSP/Catanzaro/C1-10.txt,30,"[14, 3, 24, 1, 8, 19]"
instances/MTSP/Catanzaro/C1-2.txt,30,"[5, 13, 22, 14, 6]"
instances/MTSP/Catanzaro/C1-3.txt,25,"[3, 12, 20, 30, 21]"
instances/MTSP/Catanzaro/C1-4.txt,30,"[18, 29, 19, 6, 25, 22]"
instances/MTSP/Catanzaro/C1-5.txt,29,"[18, 26, 8, 10, 1, 21]"
instances/MTSP/Catanzaro/C1-6.txt,32,"[6, 22, 12, 16, 14]"
instances/MTSP/Catanzaro/C1-7.txt,33,"[17, 27, 18, 4, 24]"
instances/MTSP/Catanzaro/C1-8.txt,31,"[7, 4, 9, 8, 27]"
instances/MTSP/Catanzaro/C1-9.txt,28,"[3, 1, 18, 27, 19]"
instances/MTSP/Catanzaro/C2-1.txt,25,"[7, 16, 22, 21, 24]"
instances/MTSP/Catanzaro/C2-10.txt,25,"[14, 3, 1, 8, 19, 24]"
instances/MTSP/Catanzaro/C2-2.txt,25,"[5, 13, 6, 14, 22]"
instances/MTSP/Catanzaro/C2-3.txt,23,"[12, 3, 30, 20, 21]"
instances/MTSP/Catanzaro/C2-4.txt,26,"[18, 19, 29, 6, 25, 22]"
instances/MTSP/Catanzaro/C2-5.txt,24,"[1, 21, 18, 26, 8, 10]"
instances/MTSP/Catanzaro/C2-6.txt,25,"[6, 22, 12, 16, 14]"
instances/MTSP/Catanzaro/C2-7.txt,27,"[17, 27, 18, 4, 24]"
instances/MTSP/Catanzaro/C2-8.txt,24,"[7, 9, 4, 8, 27]"
instances/MTSP/Catanzaro/C2-9.txt,24,"[3, 1, 18, 27, 19]"
instances/MTSP/Catanzaro/C3-1.txt,20,"[16, 7, 22, 24, 21]"
instances/MTSP/Catanzaro/C3-10.txt,20,"[1, 19, 24, 8, 14, 3]"
instances/MTSP/Catanzaro/C3-2.txt,20,"[5, 13, 22, 6, 14]"
instances/MTSP/Catanzaro/C3-3.txt,20,"[3, 30, 20, 12, 21]"
instances/MTSP/Catanzaro/C3-4.txt,20,"[6, 25, 29, 19, 22, 18]"
instances/MTSP/Catanzaro/C3-5.txt,20,"[1, 21, 10, 26, 8, 18]"
instances/MTSP/Catanzaro/C3-6.txt,20,"[16, 14, 12, 6, 22]"
instances/MTSP/Catanzaro/C3-7.txt,21,"[18, 4, 27, 17, 24]"
instances/MTSP/Catanzaro/C3-8.txt,20,"[4, 7, 9, 8, 27]"
instances/MTSP/Catanzaro/C3-9.txt,20,"[3, 18, 1, 19, 27]"
instances/MTSP/Catanzaro/C4-1.txt,15,"[16, 7, 24, 21, 22]"
instances/MTSP/Catanzaro/C4-10.txt,15,"[1, 8, 19, 24, 3, 14]"
instances/MTSP/Catanzaro/C4-2.txt,15,"[6, 13, 5, 22, 14]"
instances/MTSP/Catanzaro/C4-3.txt,15,"[20, 12, 3, 21, 30]"
instances/MTSP/Catanzaro/C4-4.txt,15,"[25, 22, 18, 19, 6, 29]"
instances/MTSP/Catanzaro/C4-5.txt,15,"[10, 18, 1, 8, 26, 21]"
instances/MTSP/Catanzaro/C4-6.txt,15,"[14, 6, 12, 16, 22]"
instances/MTSP/Catanzaro/C4-7.txt,15,"[24, 18, 4, 17, 27]"
instances/MTSP/Catanzaro/C4-8.txt,15,"[7, 9, 27, 4, 8]"
instances/MTSP/Catanzaro/C4-9.txt,15,"[3, 18, 1, 19, 27]"
instances/MTSP/Catanzaro/B1-1.txt,14,"[3, 15, 11, 6, 7, 13, 4]"
instances/MTSP/Catanzaro/B1-10.txt,14,"[3, 11, 8, 14, 12, 9]"
instances/MTSP/Catanzaro/B1-2.txt,15,"[1, 4, 3, 15, 9]"
instances/MTSP/Catanzaro/B1-3.txt,13,"[4, 7, 12, 2, 13]"
instances/MTSP/Catanzaro/B1-4.txt,14,"[2, 14, 3, 8, 1, 15]"
instances/MTSP/Catanzaro/B1-5.txt,15,"[5, 8, 2, 4, 3, 15, 12]"
instances/MTSP/Catanzaro/B1-6.txt,13,"[1, 11, 6, 5, 2]"
instances/MTSP/Catanzaro/B1-7.txt,12,"[1, 15, 7, 10, 8, 3]"
instances/MTSP/Catanzaro/B1-8.txt,13,"[2, 11, 8, 1, 15]"
instances/MTSP/Catanzaro/B1-9.txt,13,"[3, 4, 6, 15, 14]"
instances/MTSP/Catanzaro/B2-1.txt,12,"[11, 13, 3, 6, 4, 7, 15]"
instances/MTSP/Catanzaro/B2-10.txt,12,"[9, 12, 8, 11, 3, 14]"
instances/MTSP/Catanzaro/B2-2.txt,12,"[1, 9, 4, 15, 3]"
instances/MTSP/Catanzaro/B2-3.txt,11,"[7, 12, 4, 2, 13]"
instances/MTSP/Catanzaro/B2-4.txt,10,"[1, 15, 8, 3, 2, 14]"
instances/MTSP/Catanzaro/B2-5.txt,12,"[8, 5, 4, 3, 2, 12, 15]"
instances/MTSP/Catanzaro/B2-6.txt,11,"[2, 1, 6, 5, 11]"
instances/MTSP/Catanzaro/B2-8.txt,11,"[2, 11, 8, 1, 15]"
instances/MTSP/Catanzaro/B2-9.txt,11,"[4, 15, 3, 14, 6]"
instances/MTSP/Catanzaro/B3-10.txt,10,"[3, 11, 9, 8, 12, 14]"
instances/MTSP/Catanzaro/B3-2.txt,10,"[1, 4, 3, 15, 9]"
instances/MTSP/Catanzaro/B3-3.txt,9,"[2, 4, 7, 13, 12]"
instances/MTSP/Catanzaro/B3-4.txt,8,"[2, 3, 8, 1, 15, 14]"
instances/MTSP/Catanzaro/B3-5.txt,10,"[2, 4, 15, 12, 3, 5, 8]"
instances/MTSP/Catanzaro/B3-6.txt,9,"[1, 6, 11, 2, 5]"
instances/MTSP/Catanzaro/B4-2.txt,8,"[1, 3, 4, 9, 15]"
instances/MTSP/Catanzaro/D1-1.txt,47,"[16, 32, 26, 28, 9, 37]"
instances/MTSP/Catanzaro/D1-10.txt,56,"[22, 1, 15, 39, 6, 14, 23]"
instances/MTSP/Catanzaro/D1-2.txt,50,"[14, 28, 17, 35, 18, 34, 37]"
instances/MTSP/Catanzaro/D1-3.txt,49,"[23, 22, 15, 3, 30, 36]"
instances/MTSP/Catanzaro/D1-4.txt,50,"[1, 19, 23, 25, 6, 12, 7]"
instances/MTSP/Catanzaro/D1-5.txt,47,"[31, 33, 7, 12, 40, 36, 32]"
instances/MTSP/Catanzaro/D1-6.txt,54,"[10, 30, 33, 16, 28, 32]"
instances/MTSP/Catanzaro/D1-7.txt,63,"[8, 16, 39, 1, 21, 37]"
instances/MTSP/Catanzaro/D1-8.txt,49,"[7, 25, 8, 5, 15, 34, 14]"
instances/MTSP/Catanzaro/D1-9.txt,61,"[27, 21, 2, 14, 11, 18, 34]"
instances/MTSP/Catanzaro/D2-1.txt,42,"[16, 32, 26, 28, 9, 37]"
instances/MTSP/Catanzaro/D2-10.txt,49,"[6, 14, 23, 22, 1, 15, 39]"
instances/MTSP/Catanzaro/D2-2.txt,43,"[14, 35, 17, 28, 34, 37, 18]"
instances/MTSP/Catanzaro/D2-3.txt,43,"[23, 15, 22, 3, 30, 36]"
instances/MTSP/Catanzaro/D2-4.txt,0,"[7, 12, 19, 1, 23, 6, 25]"
instances/MTSP/Catanzaro/D2-5.txt,0,"[33, 31, 7, 12, 40, 32, 36]"
instances/MTSP/Catanzaro/D2-6.txt,47,"[10, 32, 28, 16, 33, 30]"
instances/MTSP/Catanzaro/D2-7.txt,55,"[16, 39, 8, 37, 1, 21]"
instances/MTSP/Catanzaro/D2-8.txt,43,"[7, 25, 5, 8, 15, 34, 14]"
instances/MTSP/Catanzaro/D2-9.txt,52,"[21, 2, 14, 11, 18, 34, 27]"
instances/MTSP/Catanzaro/D3-1.txt,36,"[16, 32, 26, 28, 9, 37]"
instances/MTSP/Catanzaro/D3-10.txt,41,"[22, 39, 1, 15, 6, 14, 23]"
instances/MTSP/Catanzaro/D3-2.txt,37,"[14, 28, 17, 35, 37, 18, 34]"
instances/MTSP/Catanzaro/D3-3.txt,37,"[22, 23, 15, 3, 30, 36]"
instances/MTSP/Catanzaro/D3-4.txt,39,"[7, 12, 1, 19, 25, 6, 23]"
instances/MTSP/Catanzaro/D3-5.txt,0,"[33, 31, 7, 12, 40, 32, 36]"
instances/MTSP/Catanzaro/D3-6.txt,39,"[10, 30, 33, 32, 16, 28]"
instances/MTSP/Catanzaro/D3-7.txt,45,"[21, 1, 37, 8, 16, 39]"
instances/MTSP/Catanzaro/D3-8.txt,0,"[7, 25, 8, 5, 15, 14, 34]"
instances/MTSP/Catanzaro/D3-9.txt,0,"[2, 21, 14, 11, 18, 34, 27]"
instances/MTSP/Catanzaro/D4-1.txt,30,"[9, 37, 26, 28, 32, 16]"
instances/MTSP/Catanzaro/D4-10.txt,0,"[6, 23, 14, 15, 1, 39, 22]"
instances/MTSP/Catanzaro/D4-2.txt,30,"[14, 35, 17, 18, 28, 37, 34]"
instances/MTSP/Catanzaro/D4-3.txt,30,"[22, 23, 3, 15, 36, 30]"
instances/MTSP/Catanzaro/D4-4.txt,30,"[19, 1, 7, 12, 23, 6, 25]"
instances/MTSP/Catanzaro/D4-5.txt,30,"[31, 36, 12, 7, 32, 40, 33]"
instances/MTSP/Catanzaro/D4-6.txt,30,"[10, 32, 28, 16, 30, 33]"
instances/MTSP/Catanzaro/D4-7.txt,35,"[8, 16, 39, 37, 1, 21]"
instances/MTSP/Catanzaro/D4-8.txt,30,"[5, 7, 25, 15, 8, 34, 14]"
instances/MTSP/Catanzaro/D4-9.txt,32,"[11, 18, 34, 14, 2, 21, 27]"
instances/MTSP/Laporte/Tabela6/L22-3.txt,15,"[3, 25, 6, 2, 20, 22, 23, 16]"
instances/MTSP/Laporte/Tabela6/L22-4.txt,15,"[2, 10, 1, 20, 5, 17, 15, 3, 23]"
instances/MTSP/Laporte/Tabela6/L22-5.txt,15,"[2, 19, 9, 14, 17, 21, 18, 22, 24]"
instances/MTSP/Laporte/Tabela6/L22-6.txt,15,"[3, 1, 16, 22, 5, 2, 17, 20, 7]"
instances/MTSP/Laporte/Tabela6/L22-8.txt,15,"[5, 20, 19, 12, 16, 15, 23, 14]"
instances/MTSP/Laporte/Tabela6/L22-9.txt,15,"[3, 6, 22, 19, 10, 12, 20, 24]"
instances/MTSP/Laporte/Tabela6/L22-10.txt,15,"[7, 11, 20, 16, 17, 1, 9, 5, 25]"
instances/MTSP/Laporte/Tabela6/L23-3.txt,10,"[14, 11, 22, 3, 6, 15, 25]"
instances/MTSP/Laporte/Tabela6/L1-1.txt,11,"[4, 18, 15, 13]"
instances/MTSP/Laporte/Tabela6/L1-10.txt,10,"[5, 8, 6, 4, 17]"
instances/MTSP/Laporte/Tabela6/L1-2.txt,10,"[16, 9, 4, 17, 18]"
instances/MTSP/Laporte/Tabela6/L1-3.txt,11,"[6, 10, 3, 5, 20]"
instances/MTSP/Laporte/Tabela6/L1-4.txt,11,"[4, 19, 17, 1, 6]"
instances/MTSP/Laporte/Tabela6/L1-5.txt,10,"[14, 6, 2, 20]"
instances/MTSP/Laporte/Tabela6/L1-6.txt,11,"[4, 16, 19, 10]"
instances/MTSP/Laporte/Tabela6/L1-7.txt,11,"[7, 11, 10, 1, 18]"
instances/MTSP/Laporte/Tabela6/L1-8.txt,12,"[3, 6, 19, 13, 4]"
instances/MTSP/Laporte/Tabela6/L1-9.txt,11,"[5, 15, 18, 7, 6]"
instances/MTSP/Laporte/Tabela6/L10-1.txt,15,"[3, 10, 19, 20, 11, 4, 1, 9, 8]"
instances/MTSP/Laporte/Tabela6/L10-10.txt,15,"[7, 10, 11, 15, 16, 20, 6, 19]"
instances/MTSP/Laporte/Tabela6/L10-2.txt,15,"[14, 3, 12, 9, 18, 4, 2, 5, 16]"
instances/MTSP/Laporte/Tabela6/L10-3.txt,15,"[6, 9, 3, 10, 13, 11, 14, 8, 16]"
instances/MTSP/Laporte/Tabela6/L10-4.txt,15,"[13, 20, 18, 2, 4, 14, 6, 19]"
instances/MTSP/Laporte/Tabela6/L10-5.txt,15,"[11, 13, 7, 1, 15, 12, 14, 6, 19, 2, 16]"
instances/MTSP/Laporte/Tabela6/L10-6.txt,15,"[15, 19, 2, 16, 3, 5, 17, 20]"
instances/MTSP/Laporte/Tabela6/L10-7.txt,15,"[1, 2, 13, 15, 14, 20, 3, 16]"
instances/MTSP/Laporte/Tabela6/L10-8.txt,15,"[11, 14, 9, 4, 10, 3, 6, 16, 7, 12]"
instances/MTSP/Laporte/Tabela6/L10-9.txt,15,"[15, 10, 2, 19, 13, 1, 7, 16]"
instances/MTSP/Laporte/Tabela6/L11-1.txt,10,"[17, 3, 10, 8, 20, 4, 9, 18]"
instances/MTSP/Laporte/Tabela6/L11-10.txt,10,"[13, 9, 11, 1, 14, 19, 17, 15]"
instances/MTSP/Laporte/Tabela6/L11-5.txt,10,"[11, 2, 17, 7, 5, 19, 20]"
instances/MTSP/Laporte/Tabela6/L11-6.txt,10,"[12, 18, 8, 17, 5, 13, 2, 10, 15]"
instances/MTSP/Laporte/Tabela6/L11-9.txt,10,"[1, 19, 3, 18, 12, 13, 10, 15, 11, 6]"
instances/MTSP/Laporte/Tabela6/L12-1.txt,10,"[8, 20, 14, 18, 16]"
instances/MTSP/Laporte/Tabela6/L12-10.txt,10,"[13, 19, 2, 7, 9, 20]"
instances/MTSP/Laporte/Tabela6/L12-2.txt,10,"[10, 19, 18, 17, 20]"
instances/MTSP/Laporte/Tabela6/L12-3.txt,10,"[11, 17, 10, 12, 20]"
instances/MTSP/Laporte/Tabela6/L12-4.txt,10,"[9, 16, 10, 1, 20]"
instances/MTSP/Laporte/Tabela6/L12-5.txt,10,"[1, 2, 14, 8, 7]"
instances/MTSP/Laporte/Tabela6/L12-6.txt,10,"[8, 5, 13, 18, 15]"
instances/MTSP/Laporte/Tabela6/L12-7.txt,10,"[11, 14, 17, 13, 19]"
instances/MTSP/Laporte/Tabela6/L12-8.txt,10,"[8, 19, 20, 10, 13]"
instances/MTSP/Laporte/Tabela6/L12-9.txt,10,"[10, 20, 15, 8, 13]"
instances/MTSP/Laporte/Tabela6/L13-1.txt,10,"[8, 4, 10, 17]"
instances/MTSP/Laporte/Tabela6/L13-10.txt,10,"[6, 17, 7, 3, 18]"
instances/MTSP/Laporte/Tabela6/L13-2.txt,10,"[5, 8, 16, 11, 10, 20]"
instances/MTSP/Laporte/Tabela6/L13-3.txt,10,"[14, 9, 5, 19]"
instances/MTSP/Laporte/Tabela6/L13-4.txt,10,"[9, 11, 16, 5, 18]"
instances/MTSP/Laporte/Tabela6/L13-5.txt,10,"[5, 10, 11, 8]"
instances/MTSP/Laporte/Tabela6/L13-6.txt,10,"[1, 17, 2, 10, 8]"
instances/MTSP/Laporte/Tabela6/L13-7.txt,10,"[16, 12, 10, 18]"
instances/MTSP/Laporte/Tabela6/L13-8.txt,10,"[1, 5, 2, 12, 14]"
instances/MTSP/Laporte/Tabela6/L13-9.txt,10,"[8, 19, 5, 18]"
instances/MTSP/Laporte/Tabela6/L14-1.txt,14,"'\v\a\r'"
instances/MTSP/Laporte/Tabela6/L14-10.txt,11,"[1, 8, 2]"
instances/MTSP/Laporte/Tabela6/L14-2.txt,13,"[4, 8, 15]"
instances/MTSP/Laporte/Tabela6/L14-3.txt,13,"[6, 13, 8]"
instances/MTSP/Laporte/Tabela6/L14-4.txt,13,"[13, 18, 17]"
instances/MTSP/Laporte/Tabela6/L14-5.txt,11,"[15, 9, 18]"
instances/MTSP/Laporte/Tabela6/L14-6.txt,13,"[1, 13, 11]"
instances/MTSP/Laporte/Tabela6/L14-7.txt,14,"'\t\r\v'"
instances/MTSP/Laporte/Tabela6/L14-8.txt,14,"[4, 16, 15]"
instances/MTSP/Laporte/Tabela6/L14-9.txt,14,"[18, 4, 19]"
instances/MTSP/Laporte/Tabela6/L16-10.txt,5,"[10, 1, 15, 2, 5, 11]"
instances/MTSP/Laporte/Tabela6/L16-4.txt,5,"[3, 19, 17, 4, 12]"
instances/MTSP/Laporte/Tabela6/L16-8.txt,5,"[16, 11, 18, 9, 17]"
instances/MTSP/Laporte/Tabela6/L16-9.txt,5,"[9, 16, 6, 1, 10]"
instances/MTSP/Laporte/Tabela6/L17-1.txt,5,"[12, 5, 11, 20]"
instances/MTSP/Laporte/Tabela6/L17-10.txt,5,"[11, 6, 10, 19]"
instances/MTSP/Laporte/Tabela6/L17-2.txt,5,"[7, 14, 11, 3, 18]"
instances/MTSP/Laporte/Tabela6/L17-3.txt,5,"[2, 8, 6, 14, 10]"
instances/MTSP/Laporte/Tabela6/L17-4.txt,5,"[1, 4, 10, 17]"
instances/MTSP/Laporte/Tabela6/L17-5.txt,5,"[17, 3, 18, 20]"
instances/MTSP/Laporte/Tabela6/L17-6.txt,5,"[4, 9, 1, 13]"
instances/MTSP/Laporte/Tabela6/L17-7.txt,5,"[13, 11, 12, 20, 19]"
instances/MTSP/Laporte/Tabela6/L17-8.txt,5,"[1, 9, 13, 10]"
instances/MTSP/Laporte/Tabela6/L17-9.txt,5,"[7, 17, 16, 13]"
instances/MTSP/Laporte/Tabela6/L18-1.txt,5,"[8, 20, 10]"
instances/MTSP/Laporte/Tabela6/L18-10.txt,5,"[10, 17, 15]"
instances/MTSP/Laporte/Tabela6/L18-2.txt,5,"[5, 17, 12]"
instances/MTSP/Laporte/Tabela6/L18-3.txt,5,"[16, 15, 17]"
instances/MTSP/Laporte/Tabela6/L18-4.txt,5,"[17, 5, 18]"
instances/MTSP/Laporte/Tabela6/L18-5.txt,5,"[18, 12, 19]"
instances/MTSP/Laporte/Tabela6/L18-6.txt,5,"[10, 18, 13]"
instances/MTSP/Laporte/Tabela6/L18-7.txt,5,"[6, 9, 11]"
instances/MTSP/Laporte/Tabela6/L18-8.txt,5,"[2, 8, 15]"
instances/MTSP/Laporte/Tabela6/L18-9.txt,5,"[4, 2, 8]"
instances/MTSP/Laporte/Tabela6/L19-1.txt,5,"[24, 1, 12, 25]"
instances/MTSP/Laporte/Tabela6/L19-10.txt,5,"[21, 12, 16, 2, 23]"
instances/MTSP/Laporte/Tabela6/L19-2.txt,5,"[1, 11, 21, 18]"
instances/MTSP/Laporte/Tabela6/L19-3.txt,5,"[23, 9, 19, 4, 24]"
instances/MTSP/Laporte/Tabela6/L19-4.txt,5,"[5, 1, 20, 15, 11]"
instances/MTSP/Laporte/Tabela6/L19-5.txt,5,"[4, 12, 24, 22]"
instances/MTSP/Laporte/Tabela6/L19-6.txt,5,"[9, 7, 1, 25]"
instances/MTSP/Laporte/Tabela6/L19-7.txt,5,"[10, 2, 25, 15]"
instances/MTSP/Laporte/Tabela6/L19-8.txt,5,"[10, 13, 18, 20, 11]"
instances/MTSP/Laporte/Tabela6/L19-9.txt,5,"[20, 11, 2, 10, 24]"
instances/MTSP/Laporte/Tabela6/L2-1.txt,5,"[2, 20, 10, 16]"
instances/MTSP/Laporte/Tabela6/L2-2.txt,5,"[1, 16, 17, 9, 6]"
instances/MTSP/Laporte/Tabela6/L2-4.txt,5,"[5, 3, 14, 13, 19]"
instances/MTSP/Laporte/Tabela6/L2-5.txt,5,"[3, 6, 15, 8]"
instances/MTSP/Laporte/Tabela6/L2-6.txt,5,"[11, 14, 18, 16]"
instances/MTSP/Laporte/Tabela6/L2-7.txt,5,"[4, 17, 3, 15]"
instances/MTSP/Laporte/Tabela6/L2-8.txt,5,"[3, 12, 19, 20, 16]"
instances/MTSP/Laporte/Tabela6/L2-9.txt,5,"[13, 6, 10, 20]"
instances/MTSP/Laporte/Tabela6/L20-1.txt,10,"[20, 9, 5, 25, 24, 23]"
instances/MTSP/Laporte/Tabela6/L20-10.txt,10,"[5, 3, 22, 11, 10, 2, 16]"
instances/MTSP/Laporte/Tabela6/L20-2.txt,10,"[10, 1, 21, 6, 2, 23]"
instances/MTSP/Laporte/Tabela6/L20-3.txt,10,"[3, 25, 13, 2, 9, 5]"
instances/MTSP/Laporte/Tabela6/L20-4.txt,10,"[8, 1, 4, 9, 3, 12]"
instances/MTSP/Laporte/Tabela6/L20-5.txt,10,"[13, 8, 4, 11, 25, 15, 24]"
instances/MTSP/Laporte/Tabela6/L20-6.txt,10,"[4, 15, 24, 25, 11, 20]"
instances/MTSP/Laporte/Tabela6/L20-7.txt,10,"[1, 23, 3, 18, 13, 21]"
instances/MTSP/Laporte/Tabela6/L20-8.txt,10,"[8, 18, 20, 9, 3, 22]"
instances/MTSP/Laporte/Tabela6/L20-9.txt,10,"[4, 14, 5, 12, 6, 25]"
instances/MTSP/Laporte/Tabela6/L21-1.txt,5,"[3, 12, 24, 7]"
instances/MTSP/Laporte/Tabela6/L21-10.txt,5,"[23, 12, 24]"
instances/MTSP/Laporte/Tabela6/L21-2.txt,5,"[21, 19, 20, 22]"
instances/MTSP/Laporte/Tabela6/L21-3.txt,5,"[2, 6, 24, 4]"
instances/MTSP/Laporte/Tabela6/L21-4.txt,5,"[7, 6, 21, 17]"
instances/MTSP/Laporte/Tabela6/L21-5.txt,5,"[1, 25, 8]"
instances/MTSP/Laporte/Tabela6/L21-6.txt,5,"[2, 9, 23, 11]"
instances/MTSP/Laporte/Tabela6/L21-7.txt,5,"[8, 6, 25]"
instances/MTSP/Laporte/Tabela6/L21-8.txt,5,"[5, 7, 21, 18]"
instances/MTSP/Laporte/Tabela6/L21-9.txt,5,"[13, 6, 24, 15]"
instances/MTSP/Laporte/Tabela6/L22-1.txt,15,"[4, 22, 6, 10, 16, 7, 20, 24, 8]"
instances/MTSP/Laporte/Tabela6/L22-2.txt,15,"[1, 12, 5, 8, 3, 15, 24, 20, 18]"
instances/MTSP/Laporte/Tabela6/L22-7.txt,15,"[1, 11, 4, 23, 7, 21, 15, 14]"
instances/MTSP/Laporte/Tabela6/L23-1.txt,10,"[3, 13, 8, 20, 11, 4, 17]"
instances/MTSP/Laporte/Tabela6/L23-10.txt,10,"[13, 18, 4, 25, 5, 19, 20, 23]"
instances/MTSP/Laporte/Tabela6/L23-4.txt,10,"[8, 24, 19, 14, 18, 17, 21, 12, 23]"
instances/MTSP/Laporte/Tabela6/L23-5.txt,10,"[2, 1, 23, 8, 20, 12, 7]"
instances/MTSP/Laporte/Tabela6/L23-6.txt,10,"[2, 23, 10, 17, 16, 3, 20, 9]"
instances/MTSP/Laporte/Tabela6/L23-7.txt,10,"[7, 3, 1, 10, 13, 18, 17]"
instances/MTSP/Laporte/Tabela6/L23-8.txt,10,"[11, 24, 21, 5, 16, 18, 12, 14, 19]"
instances/MTSP/Laporte/Tabela6/L23-9.txt,10,"[4, 2, 17, 20, 14, 5, 23, 24]"
instances/MTSP/Laporte/Tabela6/L24-10.txt,5,"[16, 6, 7, 19, 13, 15, 24, 18]"
instances/MTSP/Laporte/Tabela6/L25-1.txt,5,"[3, 25, 16, 23, 9, 7]"
instances/MTSP/Laporte/Tabela6/L25-10.txt,5,"[16, 10, 1, 17, 21]"
instances/MTSP/Laporte/Tabela6/L25-2.txt,5,"[14, 7, 1, 22]"
instances/MTSP/Laporte/Tabela6/L25-3.txt,5,"[4, 20, 2, 1, 15]"
instances/MTSP/Laporte/Tabela6/L25-4.txt,5,"[7, 14, 2, 1, 13]"
instances/MTSP/Laporte/Tabela6/L25-5.txt,5,"[9, 22, 7, 11, 10]"
instances/MTSP/Laporte/Tabela6/L25-7.txt,5,"[3, 10, 7, 9, 12]"
instances/MTSP/Laporte/Tabela6/L25-8.txt,5,"[9, 7, 21, 2, 15, 18]"
instances/MTSP/Laporte/Tabela6/L25-9.txt,5,"[6, 18, 13, 9, 16]"
instances/MTSP/Laporte/Tabela6/L26-1.txt,5,"[2, 16, 3, 20]"
instances/MTSP/Laporte/Tabela6/L26-10.txt,5,"[3, 5, 8, 14]"
instances/MTSP/Laporte/Tabela6/L26-2.txt,5,"[12, 2, 10, 19]"
instances/MTSP/Laporte/Tabela6/L26-3.txt,5,"[12, 10, 25, 17]"
instances/MTSP/Laporte/Tabela6/L26-4.txt,5,"[14, 16, 24, 17]"
instances/MTSP/Laporte/Tabela6/L26-5.txt,5,"[18, 4, 3, 19]"
instances/MTSP/Laporte/Tabela6/L26-6.txt,5,"[12, 11, 2, 6, 16]"
instances/MTSP/Laporte/Tabela6/L26-7.txt,5,"[15, 14, 9, 17, 22]"
instances/MTSP/Laporte/Tabela6/L26-8.txt,5,"[10, 6, 5, 18, 24]"
instances/MTSP/Laporte/Tabela6/L26-9.txt,5,"[16, 21, 8, 23]"
instances/MTSP/Laporte/Tabela6/L3-1.txt,6,"[2, 12, 9]"
instances/MTSP/Laporte/Tabela6/L3-10.txt,5,"[14, 13, 15]"
instances/MTSP/Laporte/Tabela6/L3-2.txt,6,"[1, 8, 11]"
instances/MTSP/Laporte/Tabela6/L3-3.txt,6,"'\n\t\f'"
instances/MTSP/Laporte/Tabela6/L3-4.txt,5,"[15, 20]"
instances/MTSP/Laporte/Tabela6/L3-5.txt,6,"[1, 14, 3]"
instances/MTSP/Laporte/Tabela6/L3-6.txt,5,"[6, 14, 7]"
instances/MTSP/Laporte/Tabela6/L3-7.txt,6,"[5, 12, 8]"
instances/MTSP/Laporte/Tabela6/L3-8.txt,5,"[15, 20, 17]"
instances/MTSP/Laporte/Tabela6/L3-9.txt,5,"'\t\r\n'"
instances/MTSP/Laporte/Tabela6/L4-1.txt,0,"[6, 9, 11, 15, 2, 7, 5, 13]"
instances/MTSP/Laporte/Tabela6/L4-10.txt,15,"[16, 12, 15, 9, 10, 18]"
instances/MTSP/Laporte/Tabela6/L4-2.txt,15,"[17, 13, 3, 8, 12, 14, 18]"
instances/MTSP/Laporte/Tabela6/L4-3.txt,15,"[2, 3, 15, 5, 14, 8]"
instances/MTSP/Laporte/Tabela6/L4-4.txt,0,"[10, 15, 19, 4, 1, 3, 12, 13]"
instances/MTSP/Laporte/Tabela6/L4-5.txt,15,"[14, 1, 16, 7, 5, 20, 15]"
instances/MTSP/Laporte/Tabela6/L4-6.txt,16,"[18, 9, 14, 11, 8, 4, 19]"
instances/MTSP/Laporte/Tabela6/L4-7.txt,17,"[5, 1, 12, 20, 10, 6]"
instances/MTSP/Laporte/Tabela6/L4-8.txt,17,"[16, 12, 15, 2, 5, 18, 17]"
instances/MTSP/Laporte/Tabela6/L4-9.txt,15,"[4, 13, 15, 14, 10, 20]"
instances/MTSP/Laporte/Tabela6/L5-1.txt,10,"[10, 6, 15, 5, 16, 11, 18]"
instances/MTSP/Laporte/Tabela6/L5-10.txt,10,"[9, 10, 3, 6, 12, 17]"
instances/MTSP/Laporte/Tabela6/L5-2.txt,10,"[10, 15, 8, 13, 4, 14, 20]"
instances/MTSP/Laporte/Tabela6/L5-3.txt,10,"[4, 17, 6, 1, 11, 3, 8, 7]"
instances/MTSP/Laporte/Tabela6/L5-4.txt,10,"[10, 2, 12, 15, 5, 13]"
instances/MTSP/Laporte/Tabela6/L5-5.txt,10,"[6, 18, 9, 19, 17, 14, 7]"
instances/MTSP/Laporte/Tabela6/L5-6.txt,10,"[2, 16, 17, 15, 7, 6]"
instances/MTSP/Laporte/Tabela6/L5-7.txt,10,"[1, 15, 8, 18, 5, 14]"
instances/MTSP/Laporte/Tabela6/L5-8.txt,10,"[1, 15, 8, 18, 5, 14]"
instances/MTSP/Laporte/Tabela6/L5-9.txt,10,"[18, 3, 2, 5, 17, 8, 20]"
instances/MTSP/Laporte/Tabela6/L7-1.txt,5,"[15, 8, 2, 18]"
instances/MTSP/Laporte/Tabela6/L7-10.txt,5,"[6, 3, 7, 16]"
instances/MTSP/Laporte/Tabela6/L7-2.txt,5,"[10, 8, 19, 12]"
instances/MTSP/Laporte/Tabela6/L7-3.txt,5,"[3, 2, 6, 10]"
instances/MTSP/Laporte/Tabela6/L7-4.txt,5,"[5, 16, 13, 8]"
instances/MTSP/Laporte/Tabela6/L7-5.txt,5,"[2, 5, 6, 17]"
instances/MTSP/Laporte/Tabela6/L7-6.txt,5,"[7, 16, 10]"
instances/MTSP/Laporte/Tabela6/L7-7.txt,5,"[4, 19, 6]"
instances/MTSP/Laporte/Tabela6/L7-8.txt,5,"[7, 20, 10]"
instances/MTSP/Laporte/Tabela6/L7-9.txt,5,"[4, 9, 1, 6]"
instances/MTSP/Laporte/Tabela6/L8-1.txt,5,"[11, 6, 12, 16]"
instances/MTSP/Laporte/Tabela6/L8-10.txt,5,"[3, 1, 6]"
instances/MTSP/Laporte/Tabela6/L8-2.txt,5,"[14, 2, 16]"
instances/MTSP/Laporte/Tabela6/L8-3.txt,5,"[4, 2, 15]"
instances/MTSP/Laporte/Tabela6/L8-4.txt,5,"[3, 2, 15, 13]"
instances/MTSP/Laporte/Tabela6/L8-5.txt,5,"[12, 7, 17]"
instances/MTSP/Laporte/Tabela6/L8-6.txt,5,"[1, 14, 8]"
instances/MTSP/Laporte/Tabela6/L8-7.txt,5,"[9, 17, 1, 16]"
instances/MTSP/Laporte/Tabela6/L8-8.txt,5,"[3, 9, 7]"
instances/MTSP/Laporte/Tabela6/L8-9.txt,5,"[1, 7, 5]"
instances/MTSP/Laporte/Tabela6/L9-1.txt,0,"[10, 20, 3, 1, 4, 9, 11, 8, 19]"
instances/MTSP/Laporte/Tabela6/L9-10.txt,22,"[7, 11, 6, 20, 16, 10, 19, 15]"
instances/MTSP/Laporte/Tabela6/L9-2.txt,0,"[16, 14, 4, 2, 5, 9, 3, 12, 18]"
instances/MTSP/Laporte/Tabela6/L9-3.txt,0,"[9, 8, 16, 3, 11, 13, 10, 6, 14]"
instances/MTSP/Laporte/Tabela6/L9-4.txt,0,"[6, 4, 20, 19, 13, 18, 2, 14]"
instances/MTSP/Laporte/Tabela6/L9-5.txt,0,"[6, 2, 16, 14, 15, 12, 1, 19, 13, 7, 11]"
instances/MTSP/Laporte/Tabela6/L9-6.txt,23,"[2, 20, 15, 16, 3, 17, 19, 5]"
instances/MTSP/Laporte/Tabela6/L9-7.txt,20,"[3, 13, 16, 2, 20, 14, 1, 15]"
instances/MTSP/Laporte/Tabela6/L9-8.txt,20,"[7, 16, 4, 3, 10, 6, 14, 9, 12, 11]"
instances/MTSP/Laporte/Tabela6/L9-9.txt,0,"[7, 16, 15, 2, 1, 19, 13, 10]"
instances/MTSP/Laporte/Tabela7/L5-1.txt,14,"[6, 1, 5, 10, 11, 14]"
instances/MTSP/Laporte/Tabela7/L5-10.txt,17,"[12, 2, 13, 15, 3, 14]"
instances/MTSP/Laporte/Tabela7/L5-2.txt,14,"[1, 15, 5, 10, 8, 11]"
instances/MTSP/Laporte/Tabela7/L5-3.txt,15,"[2, 6, 9, 8, 5, 11]"
instances/MTSP/Laporte/Tabela7/L5-4.txt,14,"[4, 12, 2, 7, 6, 11]"
instances/MTSP/Laporte/Tabela7/L5-5.txt,14,"[7, 14, 12, 5, 10, 2, 13]"
instances/MTSP/Laporte/Tabela7/L5-6.txt,15,"[7, 11, 5, 12, 3, 14, 8]"
instances/MTSP/Laporte/Tabela7/L5-7.txt,14,"[1, 5, 7, 4, 6]"
instances/MTSP/Laporte/Tabela7/L5-8.txt,17,"[10, 6, 13, 14, 11]"
instances/MTSP/Laporte/Tabela7/L5-9.txt,15,"[3, 5, 13, 7, 2, 12]"
instances/MTSP/Laporte/Tabela7/L6-1.txt,12,"[6, 11, 2, 14, 10, 15, 13]"
instances/MTSP/Laporte/Tabela7/L6-10.txt,12,"[11, 10, 14, 5, 1, 12]"
instances/MTSP/Laporte/Tabela7/L6-2.txt,12,"[10, 12, 9, 2, 4, 13]"
instances/MTSP/Laporte/Tabela7/L6-3.txt,12,"[7, 5, 15, 3, 10, 4, 12]"
instances/MTSP/Laporte/Tabela7/L6-4.txt,12,"[10, 8, 6, 9, 2, 14]"
instances/MTSP/Laporte/Tabela7/L6-5.txt,12,"[2, 13, 9, 12, 8]"
instances/MTSP/Laporte/Tabela7/L6-6.txt,12,"[1, 13, 8, 3, 12, 9]"
instances/MTSP/Laporte/Tabela7/L6-8.txt,12,"[4, 9, 8, 5, 11, 15]"
instances/MTSP/Laporte/Tabela7/L6-9.txt,12,"[3, 9, 10, 1, 4, 6]"
instances/MTSP/Laporte/Tabela7/L7-3.txt,10,"[5, 9, 7, 3, 13, 6]"
instances/MTSP/Laporte/Tabela7/L7-4.txt,10,"[10, 7, 2, 4, 8, 15]"
instances/MTSP/Laporte/Tabela7/L7-6.txt,10,"[1, 14, 15, 12, 7, 5]"
instances/MTSP/Laporte/Tabela7/L7-9.txt,10,"[7, 6, 4, 2, 12]"
instances/MTSP/Laporte/Tabela7/L8-4.txt,8,"[4, 11, 7, 14, 6]"
instances/MTSP/Laporte/Tabela7/L8-6.txt,8,"[4, 11, 1, 2, 3, 13]"
instances/MTSP/Laporte/Tabela7/L8-9.txt,8,"[14, 3, 10, 5, 1, 15]"
instances/MTSP/Laporte/Tabela5/L1-1.txt,11,"[2, 4, 15, 8, 13]"
instances/MTSP/Laporte/Tabela5/L1-10.txt,10,"[1, 13, 6, 4, 5]"
instances/MTSP/Laporte/Tabela5/L1-2.txt,10,"[13, 8, 7, 9, 12, 14]"
instances/MTSP/Laporte/Tabela5/L1-3.txt,11,"[2, 3, 12, 5, 14, 10]"
instances/MTSP/Laporte/Tabela5/L1-4.txt,10,"[10, 6, 3, 4, 11]"
instances/MTSP/Laporte/Tabela5/L1-5.txt,12,"[6, 2, 12, 1, 7]"
instances/MTSP/Laporte/Tabela5/L1-6.txt,10,"[1, 10, 11, 7]"
instances/MTSP/Laporte/Tabela5/L1-7.txt,10,"[1, 4, 10, 11, 7]"
instances/MTSP/Laporte/Tabela5/L1-8.txt,11,"[6, 3, 8, 4, 13]"
instances/MTSP/Laporte/Tabela5/L1-9.txt,11,"[7, 5, 11, 6, 15]"
instances/MTSP/Laporte/Tabela5/L10-1.txt,5,"[1, 13, 3]"
instances/MTSP/Laporte/Tabela5/L10-10.txt,5,"[3, 14, 1, 5]"
instances/MTSP/Laporte/Tabela5/L10-2.txt,5,"[3, 15, 6, 5]"
instances/MTSP/Laporte/Tabela5/L10-3.txt,5,"[3, 9, 1, 13]"
instances/MTSP/Laporte/Tabela5/L10-5.txt,5,"[1, 7, 13, 6]"
instances/MTSP/Laporte/Tabela5/L10-6.txt,5,"[4, 3, 6, 7]"
instances/MTSP/Laporte/Tabela5/L10-7.txt,5,"[5, 10, 1, 9]"
instances/MTSP/Laporte/Tabela5/L10-8.txt,5,"[11, 2, 12]"
instances/MTSP/Laporte/Tabela5/L10-9.txt,5,"[2, 15, 7, 3]"
instances/MTSP/Laporte/Tabela5/L11-1.txt,6,"[2, 4, 8]"
instances/MTSP/Laporte/Tabela5/L11-10.txt,5,"[1, 2]"
instances/MTSP/Laporte/Tabela5/L11-2.txt,5,"[1, 4]"
instances/MTSP/Laporte/Tabela5/L11-3.txt,5,"[6, 1, 14]"
instances/MTSP/Laporte/Tabela5/L11-4.txt,5,"[8, 6, 10]"
instances/MTSP/Laporte/Tabela5/L11-5.txt,5,"[4, 15]"
instances/MTSP/Laporte/Tabela5/L11-6.txt,5,"[6, 11]"
instances/MTSP/Laporte/Tabela5/L11-7.txt,5,"[2, 9]"
instances/MTSP/Laporte/Tabela5/L11-8.txt,5,"'\a\r'"
instances/MTSP/Laporte/Tabela5/L11-9.txt,5,"[12, 7, 15]"
instances/MTSP/Laporte/Tabela5/L12-1.txt,5,"[1, 15, 2, 6]"
instances/MTSP/Laporte/Tabela5/L12-10.txt,5,"[4, 2, 8]"
instances/MTSP/Laporte/Tabela5/L12-2.txt,5,"[7, 15, 5, 12]"
instances/MTSP/Laporte/Tabela5/L12-3.txt,5,"[1, 5, 3]"
instances/MTSP/Laporte/Tabela5/L12-4.txt,5,"[3, 13, 11]"
instances/MTSP/Laporte/Tabela5/L12-5.txt,5,"[3, 14, 9, 5]"
instances/MTSP/Laporte/Tabela5/L12-6.txt,5,"[4, 9, 2, 13]"
instances/MTSP/Laporte/Tabela5/L12-7.txt,5,"[2, 1, 10, 12]"
instances/MTSP/Laporte/Tabela5/L12-8.txt,5,"[11, 9, 15]"
instances/MTSP/Laporte/Tabela5/L12-9.txt,5,"'\n\a\r'"
instances/MTSP/Laporte/Tabela5/L13-1.txt,7,"[9, 14, 15]"
instances/MTSP/Laporte/Tabela5/L13-10.txt,5,"[11, 10, 14]"
instances/MTSP/Laporte/Tabela5/L13-2.txt,6,"[1, 6, 9]"
instances/MTSP/Laporte/Tabela5/L13-3.txt,5,"[8, 1, 12]"
instances/MTSP/Laporte/Tabela5/L13-4.txt,7,"[6, 11, 8]"
instances/MTSP/Laporte/Tabela5/L13-5.txt,6,"[6, 2, 7]"
instances/MTSP/Laporte/Tabela5/L13-6.txt,5,"'\b\r'"
instances/MTSP/Laporte/Tabela5/L13-7.txt,5,"[5, 12]"
instances/MTSP/Laporte/Tabela5/L13-8.txt,5,"[1, 14]"
instances/MTSP/Laporte/Tabela5/L13-9.txt,5,"[1, 2]"
instances/MTSP/Laporte/Tabela5/L14-1.txt,5,"[3, 10]"
instances/MTSP/Laporte/Tabela5/L14-10.txt,5,"'\b\v'"
instances/MTSP/Laporte/Tabela5/L14-2.txt,5,"[2, 4]"
instances/MTSP/Laporte/Tabela5/L14-3.txt,5,"'\a\b'"
instances/MTSP/Laporte/Tabela5/L14-4.txt,5,"[12, 15]"
instances/MTSP/Laporte/Tabela5/L14-5.txt,5,"[11, 14]"
instances/MTSP/Laporte/Tabela5/L14-6.txt,5,"[3, 9]"
instances/MTSP/Laporte/Tabela5/L14-7.txt,5,"[2, 8]"
instances/MTSP/Laporte/Tabela5/L14-8.txt,5,"'\t\f'"
instances/MTSP/Laporte/Tabela5/L14-9.txt,5,"[1, 4]"
instances/MTSP/Laporte/Tabela5/L15-1.txt,0,"[1, 15, 13, 10, 8, 11, 9, 14, 6, 4]"
instances/MTSP/Laporte/Tabela5/L15-10.txt,0,"[13, 6, 2, 15, 12, 3, 10, 9, 14]"
instances/MTSP/Laporte/Tabela5/L15-2.txt,0,"[6, 2, 9, 13, 12, 8, 3, 4, 15, 14]"
instances/MTSP/Laporte/Tabela5/L15-3.txt,20,"[2, 5, 10, 7, 12, 15, 1, 13]"
instances/MTSP/Laporte/Tabela5/L15-4.txt,0,"[5, 14, 6, 1, 7, 15, 3, 8, 13]"
instances/MTSP/Laporte/Tabela5/L15-5.txt,0,"[2, 1, 8, 15, 12, 9, 3, 10, 11]"
instances/MTSP/Laporte/Tabela5/L15-6.txt,22,"[7, 13, 9, 10, 1, 8, 6, 14]"
instances/MTSP/Laporte/Tabela5/L15-7.txt,0,"[6, 14, 2, 1, 12, 11, 7, 15, 13]"
instances/MTSP/Laporte/Tabela5/L15-8.txt,22,"[6, 4, 11, 12, 13, 2, 15, 14]"
instances/MTSP/Laporte/Tabela5/L15-9.txt,22,"[7, 8, 2, 11, 1, 13, 12]"
instances/MTSP/Laporte/Tabela5/L16-2.txt,15,"[1, 3, 10, 13, 9, 7, 11, 4]"
instances/MTSP/Laporte/Tabela5/L16-8.txt,15,"[10, 4, 12, 5, 2, 1, 9, 3, 13]"
instances/MTSP/Laporte/Tabela5/L16-9.txt,15,"[1, 4, 11, 10, 9, 8, 13, 2, 14]"
instances/MTSP/Laporte/Tabela5/L17-1.txt,17,"[7, 9, 4, 13, 15]"
instances/MTSP/Laporte/Tabela5/L17-10.txt,17,"[9, 5, 15, 6, 13]"
instances/MTSP/Laporte/Tabela5/L17-2.txt,15,"[1, 7, 4, 8, 2]"
instances/MTSP/Laporte/Tabela5/L17-3.txt,17,"[8, 13, 12, 6, 5, 10]"
instances/MTSP/Laporte/Tabela5/L17-4.txt,17,"[2, 13, 4, 9, 15]"
instances/MTSP/Laporte/Tabela5/L17-5.txt,15,"[4, 9, 5, 7, 10]"
instances/MTSP/Laporte/Tabela5/L17-6.txt,17,"[4, 14, 3, 10, 6, 15]"
instances/MTSP/Laporte/Tabela5/L17-7.txt,17,"[2, 7, 1, 4, 3]"
instances/MTSP/Laporte/Tabela5/L17-8.txt,17,"[6, 1, 3, 15, 5, 12]"
instances/MTSP/Laporte/Tabela5/L17-9.txt,19,"[3, 5, 10, 1, 7]"
instances/MTSP/Laporte/Tabela5/L18-1.txt,18,"[3, 8, 13, 9]"
instances/MTSP/Laporte/Tabela5/L18-10.txt,19,"[11, 5, 2, 12, 15]"
instances/MTSP/Laporte/Tabela5/L18-2.txt,18,"[12, 4, 10, 14]"
instances/MTSP/Laporte/Tabela5/L18-3.txt,16,"[2, 10, 9, 1, 3]"
instances/MTSP/Laporte/Tabela5/L18-4.txt,17,"[4, 13, 15, 7, 14]"
instances/MTSP/Laporte/Tabela5/L18-5.txt,16,"[6, 14, 2, 11, 12]"
instances/MTSP/Laporte/Tabela5/L18-6.txt,19,"[3, 12, 15, 7, 2, 11]"
instances/MTSP/Laporte/Tabela5/L18-7.txt,15,"[11, 15, 10, 8, 12]"
instances/MTSP/Laporte/Tabela5/L18-8.txt,15,"[3, 5, 14, 8]"
instances/MTSP/Laporte/Tabela5/L18-9.txt,19,"[2, 8, 11, 1, 9]"
instances/MTSP/Laporte/Tabela5/L2-6.txt,5,"[1, 10, 14, 11]"
instances/MTSP/Laporte/Tabela5/L20-1.txt,10,"[4, 12, 13, 6, 5, 9]"
instances/MTSP/Laporte/Tabela5/L20-10.txt,10,"[3, 1, 7, 10]"
instances/MTSP/Laporte/Tabela5/L20-3.txt,10,"[3, 2, 15, 1, 13, 4]"
instances/MTSP/Laporte/Tabela5/L20-4.txt,10,"[4, 9, 12, 6, 10]"
instances/MTSP/Laporte/Tabela5/L20-5.txt,10,"[3, 15, 1, 12, 13, 14]"
instances/MTSP/Laporte/Tabela5/L20-6.txt,10,"[7, 6, 8, 12, 15]"
instances/MTSP/Laporte/Tabela5/L20-7.txt,10,"[6, 7, 1, 12, 13]"
instances/MTSP/Laporte/Tabela5/L20-8.txt,10,"[7, 6, 3, 11, 9]"
instances/MTSP/Laporte/Tabela5/L20-9.txt,10,"[5, 2, 6, 12, 13]"
instances/MTSP/Laporte/Tabela5/L21-1.txt,10,"[2, 10, 12]"
instances/MTSP/Laporte/Tabela5/L21-10.txt,10,"[5, 2, 9, 14]"
instances/MTSP/Laporte/Tabela5/L21-2.txt,10,"[2, 6, 12]"
instances/MTSP/Laporte/Tabela5/L21-3.txt,10,"[1, 13, 3, 15, 8, 5]"
instances/MTSP/Laporte/Tabela5/L21-4.txt,11,"[4, 6, 1, 7]"
instances/MTSP/Laporte/Tabela5/L21-5.txt,10,"[13, 3, 14]"
instances/MTSP/Laporte/Tabela5/L21-6.txt,11,"[2, 15, 14, 13]"
instances/MTSP/Laporte/Tabela5/L21-7.txt,11,"[2, 15, 5, 10]"
instances/MTSP/Laporte/Tabela5/L21-8.txt,11,"[5, 3, 14]"
instances/MTSP/Laporte/Tabela5/L21-9.txt,12,"[3, 10, 2, 7]"
instances/MTSP/Laporte/Tabela5/L22-1.txt,10,"[2, 1, 14, 13, 3]"
instances/MTSP/Laporte/Tabela5/L22-10.txt,10,"[3, 14, 15, 6, 11]"
instances/MTSP/Laporte/Tabela5/L22-2.txt,10,"[5, 9, 14, 1, 10]"
instances/MTSP/Laporte/Tabela5/L22-3.txt,10,"[3, 9, 7, 2, 8, 12]"
instances/MTSP/Laporte/Tabela5/L22-4.txt,10,"[2, 1, 15, 7, 12]"
instances/MTSP/Laporte/Tabela5/L22-5.txt,10,"[5, 12, 2, 7, 13]"
instances/MTSP/Laporte/Tabela5/L22-6.txt,10,"[10, 5, 9, 4, 12]"
instances/MTSP/Laporte/Tabela5/L22-7.txt,10,"[11, 10, 12, 15]"
instances/MTSP/Laporte/Tabela5/L22-8.txt,10,"[2, 11, 9, 15, 6]"
instances/MTSP/Laporte/Tabela5/L22-9.txt,10,"[1, 14, 13, 15]"
instances/MTSP/Laporte/Tabela5/L23-1.txt,11,"[12, 7, 14]"
instances/MTSP/Laporte/Tabela5/L23-10.txt,12,"[2, 13, 7, 15]"
instances/MTSP/Laporte/Tabela5/L23-2.txt,12,"[2, 1, 13, 7]"
instances/MTSP/Laporte/Tabela5/L23-3.txt,11,"[2, 10, 3]"
instances/MTSP/Laporte/Tabela5/L23-4.txt,11,"[11, 6, 8, 14]"
instances/MTSP/Laporte/Tabela5/L23-5.txt,10,"'\a\n\f'"
instances/MTSP/Laporte/Tabela5/L23-6.txt,11,"[1, 6, 3]"
instances/MTSP/Laporte/Tabela5/L23-7.txt,12,"[7, 4, 9, 12]"
instances/MTSP/Laporte/Tabela5/L23-8.txt,13,"[3, 13, 15, 7]"
instances/MTSP/Laporte/Tabela5/L23-9.txt,14,"[14, 7, 15]"
instances/MTSP/Laporte/Tabela5/L24-1.txt,13,"[5, 2, 9]"
instances/MTSP/Laporte/Tabela5/L24-10.txt,13,"[4, 15, 7]"
instances/MTSP/Laporte/Tabela5/L24-2.txt,13,"'\b\t\f'"
instances/MTSP/Laporte/Tabela5/L24-3.txt,14,"[10, 9, 15]"
instances/MTSP/Laporte/Tabela5/L24-4.txt,13,"[7, 5, 8]"
instances/MTSP/Laporte/Tabela5/L24-5.txt,12,"[2, 15, 11]"
instances/MTSP/Laporte/Tabela5/L24-6.txt,14,"[5, 4, 9]"
instances/MTSP/Laporte/Tabela5/L24-7.txt,12,"[4, 3, 14]"
instances/MTSP/Laporte/Tabela5/L24-8.txt,11,"[5, 3, 15]"
instances/MTSP/Laporte/Tabela5/L24-9.txt,12,"[1, 9, 15]"
instances/MTSP/Laporte/Tabela5/L26-10.txt,5,"[8, 4, 1, 11]"
instances/MTSP/Laporte/Tabela5/L27-1.txt,5,"[3, 6, 5, 13]"
instances/MTSP/Laporte/Tabela5/L27-10.txt,5,"[6, 3, 7]"
instances/MTSP/Laporte/Tabela5/L27-3.txt,5,"[4, 3, 1, 5]"
instances/MTSP/Laporte/Tabela5/L27-5.txt,5,"[2, 12, 6]"
instances/MTSP/Laporte/Tabela5/L27-7.txt,5,"[1, 2, 15]"
instances/MTSP/Laporte/Tabela5/L27-8.txt,5,"[10, 6, 8, 13]"
instances/MTSP/Laporte/Tabela5/L27-9.txt,5,"[10, 2, 14]"
instances/MTSP/Laporte/Tabela5/L28-1.txt,5,"[6, 12, 5, 9]"
instances/MTSP/Laporte/Tabela5/L28-10.txt,5,"[1, 2, 15]"
instances/MTSP/Laporte/Tabela5/L28-2.txt,8,"[8, 5, 10]"
instances/MTSP/Laporte/Tabela5/L28-3.txt,5,"[2, 15]"
instances/MTSP/Laporte/Tabela5/L28-4.txt,5,"[4, 3, 10]"
instances/MTSP/Laporte/Tabela5/L28-5.txt,5,"[1, 7, 4]"
instances/MTSP/Laporte/Tabela5/L28-7.txt,5,"[5, 15]"
instances/MTSP/Laporte/Tabela5/L28-8.txt,5,"[10, 9, 14]"
instances/MTSP/Laporte/Tabela5/L28-9.txt,5,"[2, 7, 14]"
instances/MTSP/Laporte/Tabela5/L29-3.txt,5,"[3, 6, 9, 2, 5]"
instances/MTSP/Laporte/Tabela5/L29-4.txt,5,"[10, 5, 8, 11]"
instances/MTSP/Laporte/Tabela5/L29-8.txt,5,"[4, 1, 13, 10, 5]"
instances/MTSP/Laporte/Tabela5/L3-1.txt,5,"[2, 1, 5]"
instances/MTSP/Laporte/Tabela5/L3-10.txt,5,"[5, 1, 9]"
instances/MTSP/Laporte/Tabela5/L3-2.txt,5,"[4, 6, 8]"
instances/MTSP/Laporte/Tabela5/L3-3.txt,5,"[3, 14, 9, 4]"
instances/MTSP/Laporte/Tabela5/L3-4.txt,5,"[4, 5, 7, 9]"
instances/MTSP/Laporte/Tabela5/L3-5.txt,5,"[1, 15, 12]"
instances/MTSP/Laporte/Tabela5/L3-6.txt,6,"[4, 15, 10]"
instances/MTSP/Laporte/Tabela5/L3-7.txt,6,"[6, 4, 8]"
instances/MTSP/Laporte/Tabela5/L3-8.txt,8,"[1, 3, 8]"
instances/MTSP/Laporte/Tabela5/L3-9.txt,5,"[2, 4, 9, 5]"
instances/MTSP/Laporte/Tabela5/L30-1.txt,5,"[13, 8, 14]"
instances/MTSP/Laporte/Tabela5/L30-10.txt,5,"[2, 14, 8]"
instances/MTSP/Laporte/Tabela5/L30-2.txt,5,"[1, 4, 6, 5]"
instances/MTSP/Laporte/Tabela5/L30-3.txt,5,"[7, 9, 14]"
instances/MTSP/Laporte/Tabela5/L30-4.txt,5,"[7, 2, 14]"
instances/MTSP/Laporte/Tabela5/L30-5.txt,5,"[4, 1, 12, 8]"
instances/MTSP/Laporte/Tabela5/L30-6.txt,5,"[1, 7, 8]"
instances/MTSP/Laporte/Tabela5/L30-7.txt,5,"[5, 14, 8]"
instances/MTSP/Laporte/Tabela5/L30-9.txt,5,"[9, 1, 11]"
instances/MTSP/Laporte/Tabela5/L31-1.txt,5,"'\a\v'"
instances/MTSP/Laporte/Tabela5/L31-10.txt,5,"[5, 8]"
instances/MTSP/Laporte/Tabela5/L31-2.txt,5,"'\b\a\f'"
instances/MTSP/Laporte/Tabela5/L31-3.txt,5,"[9, 14]"
instances/MTSP/Laporte/Tabela5/L31-4.txt,5,"[11, 12, 14]"
instances/MTSP/Laporte/Tabela5/L31-5.txt,6,"[3, 9, 6]"
instances/MTSP/Laporte/Tabela5/L31-6.txt,5,"[4, 2, 6]"
instances/MTSP/Laporte/Tabela5/L31-7.txt,5,"[2, 7, 8]"
instances/MTSP/Laporte/Tabela5/L31-8.txt,5,"[11, 14]"
instances/MTSP/Laporte/Tabela5/L31-9.txt,6,"'\v\b\r'"
instances/MTSP/Laporte/Tabela5/L32-1.txt,5,"[5, 1, 11]"
instances/MTSP/Laporte/Tabela5/L32-10.txt,5,"[9, 3, 13]"
instances/MTSP/Laporte/Tabela5/L32-2.txt,5,"[6, 10]"
instances/MTSP/Laporte/Tabela5/L32-3.txt,5,"'\b\t\n'"
instances/MTSP/Laporte/Tabela5/L32-4.txt,5,"[2, 4, 3]"
instances/MTSP/Laporte/Tabela5/L32-5.txt,5,"[2, 12, 6]"
instances/MTSP/Laporte/Tabela5/L32-6.txt,5,"'\n\t\v'"
instances/MTSP/Laporte/Tabela5/L32-7.txt,5,"[2, 7, 4]"
instances/MTSP/Laporte/Tabela5/L32-8.txt,5,"[9, 7, 14]"
instances/MTSP/Laporte/Tabela5/L32-9.txt,5,"[3, 14, 5]"
instances/MTSP/Laporte/Tabela5/L33-1.txt,5,"[6, 9]"
instances/MTSP/Laporte/Tabela5/L33-10.txt,5,"[6, 8]"
instances/MTSP/Laporte/Tabela5/L33-2.txt,5,"[10, 14]"
instances/MTSP/Laporte/Tabela5/L33-3.txt,7,"[5, 13, 6]"
instances/MTSP/Laporte/Tabela5/L33-4.txt,5,"[5, 14]"
instances/MTSP/Laporte/Tabela5/L33-5.txt,5,"[3, 4]"
instances/MTSP/Laporte/Tabela5/L33-6.txt,5,"[3, 14]"
instances/MTSP/Laporte/Tabela5/L33-7.txt,5,"'\t\n'"
instances/MTSP/Laporte/Tabela5/L33-8.txt,5,"[4, 11]"
instances/MTSP/Laporte/Tabela5/L33-9.txt,5,"[1, 12]"
instances/MTSP/Laporte/Tabela5/L34-1.txt,5,"[2, 3]"
instances/MTSP/Laporte/Tabela5/L34-10.txt,5,"[3, 14]"
instances/MTSP/Laporte/Tabela5/L34-2.txt,5,"[3, 5]"
instances/MTSP/Laporte/Tabela5/L34-3.txt,5,"[1, 2]"
instances/MTSP/Laporte/Tabela5/L34-4.txt,5,"[4, 10]"
instances/MTSP/Laporte/Tabela5/L34-5.txt,5,"[11, 14]"
instances/MTSP/Laporte/Tabela5/L34-6.txt,5,"[3, 11]"
instances/MTSP/Laporte/Tabela5/L34-7.txt,5,"[1, 11]"
instances/MTSP/Laporte/Tabela5/L34-8.txt,5,"[6, 12]"
instances/MTSP/Laporte/Tabela5/L34-9.txt,5,"[1, 11]"
instances/MTSP/Laporte/Tabela5/L4-1.txt,5,"[11, 2, 15]"
instances/MTSP/Laporte/Tabela5/L4-10.txt,7,"'\b\r\v'"
instances/MTSP/Laporte/Tabela5/L4-2.txt,7,"[5, 11, 9]"
instances/MTSP/Laporte/Tabela5/L4-3.txt,6,"[3, 9, 11]"
instances/MTSP/Laporte/Tabela5/L4-4.txt,5,"'\n\f'"
instances/MTSP/Laporte/Tabela5/L4-5.txt,7,"[4, 7, 10]"
instances/MTSP/Laporte/Tabela5/L4-6.txt,8,"[12, 9, 15]"
instances/MTSP/Laporte/Tabela5/L4-7.txt,7,"[8, 5, 10]"
instances/MTSP/Laporte/Tabela5/L4-8.txt,5,"[9, 14]"
instances/MTSP/Laporte/Tabela5/L4-9.txt,5,"[6, 12]"
instances/MTSP/Laporte/Tabela5/L5-1.txt,15,"[2, 10, 11, 15, 1, 14, 6]"
instances/MTSP/Laporte/Tabela5/L5-10.txt,16,"[4, 13, 12, 1, 8, 3, 14]"
instances/MTSP/Laporte/Tabela5/L5-2.txt,0,"[6, 9, 11, 15, 2, 7, 5, 13]"
instances/MTSP/Laporte/Tabela5/L5-3.txt,15,"[3, 8, 15, 13, 2, 1, 7, 9]"
instances/MTSP/Laporte/Tabela5/L5-4.txt,15,"[3, 12, 9, 13, 11, 8]"
instances/MTSP/Laporte/Tabela5/L5-5.txt,15,"[7, 5, 4, 10, 11, 14]"
instances/MTSP/Laporte/Tabela5/L5-6.txt,0,"[7, 8, 1, 10, 3, 2, 6, 12]"
instances/MTSP/Laporte/Tabela5/L5-7.txt,15,"[3, 12, 9, 1, 8, 4]"
instances/MTSP/Laporte/Tabela5/L5-8.txt,15,"[5, 9, 10, 7, 14, 4, 3, 11]"
instances/MTSP/Laporte/Tabela5/L5-9.txt,18,"[3, 14, 9, 15, 6, 2, 12, 5]"
instances/MTSP/Laporte/Tabela5/L6-1.txt,10,"[1, 9, 12, 15, 5, 10]"
instances/MTSP/Laporte/Tabela5/L6-10.txt,10,"[3, 8, 7, 2, 6, 5, 14]"
instances/MTSP/Laporte/Tabela5/L6-2.txt,10,"[7, 2, 11, 14, 5, 12]"
instances/MTSP/Laporte/Tabela5/L6-4.txt,10,"[2, 15, 9, 8, 10, 3, 5]"
instances/MTSP/Laporte/Tabela5/L6-7.txt,10,"[9, 5, 6, 7, 10, 12]"
instances/MTSP/Laporte/Tabela5/L6-9.txt,10,"[10, 2, 12, 15, 5, 13]"
instances/MTSP/Laporte/Tabela5/L7-1.txt,13,"[6, 4, 2, 9]"
instances/MTSP/Laporte/Tabela5/L7-10.txt,10,"[2, 1, 3, 5]"
instances/MTSP/Laporte/Tabela5/L7-2.txt,10,"[3, 1, 10, 11]"
instances/MTSP/Laporte/Tabela5/L7-3.txt,11,"[2, 7, 9, 8, 12]"
instances/MTSP/Laporte/Tabela5/L7-4.txt,10,"[1, 9, 11, 13]"
instances/MTSP/Laporte/Tabela5/L7-5.txt,10,"[2, 13, 1, 15]"
instances/MTSP/Laporte/Tabela5/L7-6.txt,12,"[6, 10, 11, 9]"
instances/MTSP/Laporte/Tabela5/L7-7.txt,10,"[5, 3, 12]"
instances/MTSP/Laporte/Tabela5/L7-8.txt,12,"[14, 6, 15]"
instances/MTSP/Laporte/Tabela5/L7-9.txt,10,"[5, 14, 8, 9]"
instances/MTSP/Laporte/Tabela5/L8-1.txt,10,"[5, 3, 7]"
instances/MTSP/Laporte/Tabela5/L8-10.txt,12,"[7, 12, 2, 10]"
instances/MTSP/Laporte/Tabela5/L8-2.txt,10,"[1, 9, 12]"
instances/MTSP/Laporte/Tabela5/L8-3.txt,12,"[3, 8, 14, 10]"
instances/MTSP/Laporte/Tabela5/L8-4.txt,11,"[4, 14, 7, 13]"
instances/MTSP/Laporte/Tabela5/L8-5.txt,10,"[2, 13, 8, 15]"
instances/MTSP/Laporte/Tabela5/L8-6.txt,12,"[9, 5, 12, 13]"
instances/MTSP/Laporte/Tabela5/L8-7.txt,13,"[2, 15, 3, 8]"
instances/MTSP/Laporte/Tabela5/L8-8.txt,10,"[5, 15, 7]"
instances/MTSP/Laporte/Tabela5/L8-9.txt,10,"[9, 10, 15]"
instances/MTSP/Laporte/Tabela4/L14-1.txt,10,"[4, 8, 3, 5, 7, 6]"
instances/MTSP/Laporte/Tabela4/L14-2.txt,10,"[3, 4, 9, 8, 1, 6]"
instances/MTSP/Laporte/Tabela4/L14-4.txt,10,"[1, 7, 4, 2, 8]"
instances/MTSP/Laporte/Tabela4/L14-7.txt,10,"[4, 1, 9, 5, 2, 7]"
instances/MTSP/Laporte/Tabela4/L15-3.txt,10,"[3, 2, 7, 1, 4, 8, 9]"
instances/MTSP/Laporte/Tabela4/L24-5.txt,5,"[1, 9, 3, 6]"
instances/MTSP/Laporte/Tabela4/L9-10.txt,5,"[2, 8, 3, 6]"
instances/MTSP/Laporte/Tabela4/L9-5.txt,5,"[4, 2, 8]"
instances/MTSP/Laporte/Tabela3/L12-4.txt,0,"[2, 7, 8, 3, 6, 1, 4, 5]"
instances/MTSP/Crama/Tabela1/s3n001.txt,32,"[6, 8, 10, 26, 9]"
instances/MTSP/Crama/Tabela1/s3n002.txt,36,"[13, 9, 27, 29, 26]"
instances/MTSP/Crama/Tabela1/s3n003.txt,25,"[10, 5, 28, 4, 16]"
instances/MTSP/Crama/Tabela1/s3n004.txt,32,"[4, 11, 12, 14, 7]"
instances/MTSP/Crama/Tabela1/s3n005.txt,34,"[12, 17, 4, 9, 13]"
instances/MTSP/Crama/Tabela1/s3n006.txt,33,"[12, 22, 29, 11, 6, 17]"
instances/MTSP/Crama/Tabela1/s3n007.txt,32,"[3, 27, 20, 8, 30, 5]"
instances/MTSP/Crama/Tabela1/s3n008.txt,29,"[13, 1, 18, 16, 17]"
instances/MTSP/Crama/Tabela1/s3n009.txt,32,"[6, 24, 14, 7, 11, 12]"
instances/MTSP/Crama/Tabela1/s3n010.txt,37,"[1, 8, 11, 27, 10, 23]"
instances/MTSP/Crama/Tabela2/s3n001.txt,26,"[6, 9, 26, 8, 10]"
instances/MTSP/Crama/Tabela2/s3n002.txt,28,"[13, 9, 27, 26, 29]"
instances/MTSP/Crama/Tabela2/s3n003.txt,23,"[10, 5, 16, 4, 28]"
instances/MTSP/Crama/Tabela2/s3n004.txt,26,"[4, 11, 12, 14, 7]"
instances/MTSP/Crama/Tabela2/s3n005.txt,28,"[9, 4, 12, 17, 13]"
instances/MTSP/Crama/Tabela2/s3n006.txt,27,"[12, 22, 11, 29, 6, 17]"
instances/MTSP/Crama/Tabela2/s3n007.txt,26,"[5, 8, 30, 20, 3, 27]"
instances/MTSP/Crama/Tabela2/s3n008.txt,25,"[13, 1, 18, 16, 17]"
instances/MTSP/Crama/Tabela2/s3n009.txt,26,"[6, 24, 7, 14, 12, 11]"
instances/MTSP/Crama/Tabela2/s3n010.txt,31,"[1, 8, 23, 10, 27, 11]"
instances/MTSP/Crama/Tabela3/s3n001.txt,20,"[6, 9, 26, 8, 10]"
instances/MTSP/Crama/Tabela3/s3n002.txt,21,"[26, 9, 27, 13, 29]"
instances/MTSP/Crama/Tabela3/s3n003.txt,20,"[4, 16, 28, 5, 10]"
instances/MTSP/Crama/Tabela3/s3n004.txt,20,"[7, 4, 11, 12, 14]"
instances/MTSP/Crama/Tabela3/s3n005.txt,21,"[4, 12, 17, 9, 13]"
instances/MTSP/Crama/Tabela3/s3n006.txt,20,"[17, 6, 29, 11, 12, 22]"
instances/MTSP/Crama/Tabela3/s3n007.txt,20,"[5, 8, 30, 20, 3, 27]"
instances/MTSP/Crama/Tabela3/s3n008.txt,20,"[1, 18, 13, 17, 16]"
instances/MTSP/Crama/Tabela3/s3n009.txt,20,"[6, 24, 7, 12, 11, 14]"
instances/MTSP/Crama/Tabela3/s3n010.txt,24,"[1, 11, 27, 8, 23, 10]"
instances/MTSP/Crama/Tabela4/s3n001.txt,15,"[9, 6, 8, 10, 26]"
instances/MTSP/Crama/Tabela4/s3n002.txt,15,"[13, 26, 9, 29, 27]"
instances/MTSP/Crama/Tabela4/s3n003.txt,15,"[5, 4, 28, 10, 16]"
instances/MTSP/Crama/Tabela4/s3n004.txt,15,"[11, 7, 12, 4, 14]"
instances/MTSP/Crama/Tabela4/s3n005.txt,15,"[4, 17, 9, 12, 13]"
instances/MTSP/Crama/Tabela4/s3n006.txt,15,"[17, 6, 22, 11, 12, 29]"
instances/MTSP/Crama/Tabela4/s3n007.txt,15,"[3, 20, 8, 5, 30, 27]"
instances/MTSP/Crama/Tabela4/s3n008.txt,15,"[1, 13, 18, 16, 17]"
instances/MTSP/Crama/Tabela4/s3n009.txt,15,"[11, 14, 6, 7, 12, 24]"
instances/MTSP/Crama/Tabela4/s3n010.txt,15,"[1, 11, 27, 10, 8, 23]"
instances/MTSP/Crama/Tabela1/s2n001.txt,15,"[2, 1, 3, 9, 6, 12]"
instances/MTSP/Crama/Tabela1/s2n002.txt,14,"[9, 15, 12, 4, 11]"
instances/MTSP/Crama/Tabela1/s2n003.txt,14,"[2, 11, 4, 12, 9, 8]"
instances/MTSP/Crama/Tabela1/s2n004.txt,14,"[2, 11, 4, 12, 9, 8]"
instances/MTSP/Crama/Tabela1/s2n005.txt,14,"[6, 3, 13, 1, 11, 7]"
instances/MTSP/Crama/Tabela1/s2n006.txt,14,"[3, 1, 6, 5, 11, 8]"
instances/MTSP/Crama/Tabela1/s2n007.txt,14,"[]"
instances/MTSP/Crama/Tabela1/s2n008.txt,14,"[10, 7, 14, 3, 13]"
instances/MTSP/Crama/Tabela1/s2n009.txt,14,"[]"
instances/MTSP/Crama/Tabela1/s2n010.txt,15,"[6, 2, 4, 3, 1, 9, 7]"
instances/MTSP/Crama/Tabela2/s2n001.txt,12,"[1, 2, 9, 3, 12, 6]"
instances/MTSP/Crama/Tabela2/s2n002.txt,12,"[4, 12, 15, 11, 9]"
instances/MTSP/Crama/Tabela2/s2n003.txt,12,"[2, 11, 4, 8, 12, 9]"
instances/MTSP/Crama/Tabela2/s2n004.txt,12,"[2, 11, 4, 8, 12, 9]"
instances/MTSP/Crama/Tabela2/s2n005.txt,12,"[1, 7, 3, 13, 11, 6]"
instances/MTSP/Crama/Tabela2/s2n006.txt,12,"[3, 11, 8, 5, 1, 6]"
instances/MTSP/Crama/Tabela2/s2n007.txt,12,"[]"
instances/MTSP/Crama/Tabela2/s2n008.txt,12,"[7, 3, 10, 13, 14]"
instances/MTSP/Crama/Tabela2/s2n010.txt,12,"[2, 1, 3, 4, 7, 6, 9]"
instances/MTSP/Crama/Tabela3/s2n001.txt,10,"[1, 2, 12, 6, 3, 9]"
instances/MTSP/Crama/Tabela3/s2n003.txt,10,"[2, 8, 11, 12, 9, 4]"
instances/MTSP/Crama/Tabela3/s2n004.txt,10,"[2, 8, 11, 12, 9, 4]"
instances/MTSP/Crama/Tabela3/s2n005.txt,10,"[3, 1, 11, 7, 13, 6]"
instances/MTSP/Crama/Tabela3/s2n006.txt,10,"[3, 5, 6, 1, 8, 11]"
instances/MTSP/Crama/Tabela3/s2n008.txt,10,"[3, 14, 13, 7, 10]"
instances/MTSP/Crama/Tabela3/s2n010.txt,10,"[2, 3, 1, 4, 7, 6, 9]"
instances/MTSP/Crama/Tabela4/s2n001.txt,8,"[6, 2, 1, 3, 12, 9]"
instances/MTSP/Crama/Tabela4/s2n006.txt,8,"[6, 1, 11, 3, 5, 8]"
instances/MTSP/Crama/Tabela4/s2n008.txt,8,"[10, 7, 13, 3, 14]"
instances/MTSP/Crama/Tabela3/s1n008.txt,4,"[6, 8, 7]"
instances/MTSP/Crama/Tabela1/s4n001.txt,55,"[21, 37, 30, 3, 18, 32, 27]"
instances/MTSP/Crama/Tabela1/s4n002.txt,56,"[23, 3, 30, 9, 19, 32]"
instances/MTSP/Crama/Tabela1/s4n003.txt,52,"[10, 13, 6, 1, 35, 5, 18]"
instances/MTSP/Crama/Tabela1/s4n004.txt,47,"[31, 3, 28, 32, 10, 37]"
instances/MTSP/Crama/Tabela1/s4n005.txt,54,"[20, 36, 15, 18, 32, 19, 38]"
instances/MTSP/Crama/Tabela1/s4n006.txt,55,"[25, 26, 28, 15, 18, 27]"
instances/MTSP/Crama/Tabela1/s4n007.txt,60,"[14, 11, 17, 31, 1, 2, 40]"
instances/MTSP/Crama/Tabela1/s4n008.txt,53,"[28, 35, 21, 40, 17, 32]"
instances/MTSP/Crama/Tabela1/s4n009.txt,50,"[6, 2, 27, 4, 25, 21, 18]"
instances/MTSP/Crama/Tabela1/s4n010.txt,52,"[17, 19, 2, 32, 29, 35]"
instances/MTSP/Crama/Tabela2/s4n001.txt,48,"[18, 27, 32, 3, 30, 37, 21]"
instances/MTSP/Crama/Tabela2/s4n002.txt,49,"[23, 30, 9, 3, 19, 32]"
instances/MTSP/Crama/Tabela2/s4n003.txt,45,"[5, 18, 35, 1, 6, 13, 10]"
instances/MTSP/Crama/Tabela2/s4n004.txt,41,"[31, 3, 28, 32, 10, 37]"
instances/MTSP/Crama/Tabela2/s4n005.txt,48,"[20, 36, 15, 18, 32, 19, 38]"
instances/MTSP/Crama/Tabela2/s4n006.txt,48,"[27, 26, 25, 15, 18, 28]"
instances/MTSP/Crama/Tabela2/s4n007.txt,53,"[11, 17, 31, 1, 2, 40, 14]"
instances/MTSP/Crama/Tabela2/s4n008.txt,46,"[28, 32, 17, 40, 21, 35]"
instances/MTSP/Crama/Tabela2/s4n009.txt,0,"[6, 2, 27, 4, 25, 21, 18]"
instances/MTSP/Crama/Tabela2/s4n010.txt,45,"[19, 17, 2, 32, 29, 35]"
instances/MTSP/Crama/Tabela3/s4n001.txt,40,"[32, 3, 30, 18, 27, 21, 37]"
instances/MTSP/Crama/Tabela3/s4n002.txt,42,"[3, 23, 30, 19, 9, 32]"
instances/MTSP/Crama/Tabela3/s4n003.txt,0,"[6, 10, 13, 1, 35, 5, 18]"
instances/MTSP/Crama/Tabela3/s4n004.txt,35,"[31, 3, 28, 32, 10, 37]"
instances/MTSP/Crama/Tabela3/s4n005.txt,0,"[20, 38, 19, 32, 18, 15, 36]"
instances/MTSP/Crama/Tabela3/s4n006.txt,40,"[25, 28, 15, 18, 26, 27]"
instances/MTSP/Crama/Tabela3/s4n007.txt,44,"[17, 11, 14, 40, 2, 1, 31]"
instances/MTSP/Crama/Tabela3/s4n008.txt,38,"[28, 35, 21, 40, 17, 32]"
instances/MTSP/Crama/Tabela3/s4n009.txt,0,"[21, 18, 25, 4, 6, 2, 27]"
instances/MTSP/Crama/Tabela3/s4n010.txt,37,"[17, 19, 2, 32, 35, 29]"
instances/MTSP/Crama/Tabela4/s4n001.txt,30,"[3, 30, 32, 18, 27, 21, 37]"
instances/MTSP/Crama/Tabela4/s4n002.txt,30,"[23, 9, 3, 19, 30, 32]"
instances/MTSP/Crama/Tabela4/s4n003.txt,30,"[5, 35, 18, 1, 6, 13, 10]"
instances/MTSP/Crama/Tabela4/s4n004.txt,30,"[10, 32, 37, 3, 31, 28]"
instances/MTSP/Crama/Tabela4/s4n005.txt,30,"[36, 18, 15, 32, 20, 19, 38]"
instances/MTSP/Crama/Tabela4/s4n006.txt,30,"[18, 27, 26, 15, 25, 28]"
instances/MTSP/Crama/Tabela4/s4n007.txt,0,"[1, 2, 31, 40, 14, 11, 17]"
instances/MTSP/Crama/Tabela4/s4n008.txt,30,"[17, 32, 40, 21, 35, 28]"
instances/MTSP/Crama/Tabela4/s4n009.txt,30,"[21, 25, 18, 4, 2, 6, 27]"
instances/MTSP/Crama/Tabela4/s4n010.txt,30,"[19, 17, 2, 35, 32, 29]"
